{"cameraMode":{"drawMode":0,"name":"Shaded","section":"Shading Mode"},"sceneLighting":true,"audioPlay":false,"sceneViewState":{"m_AlwaysRefresh":false,"showFog":true,"showSkybox":false,"showFlares":true,"showImageEffects":true,"showParticleSystems":true,"showVisualEffectGraphs":true,"m_FxEnabled":true},"in2DMode":false,"pivot":{"x":580.1561279296875,"y":305.7287902832031,"z":64.17876434326172},"rotation":{"x":-0.03659898415207863,"y":0.011688807979226113,"z":-0.0004277006664779037,"w":-0.9992665648460388},"size":320.65509033203127,"orthographic":false}