{"cameraMode":{"drawMode":0,"name":"Shaded","section":"Shading Mode"},"sceneLighting":true,"audioPlay":false,"sceneViewState":{"m_AlwaysRefresh":false,"showFog":true,"showSkybox":true,"showFlares":true,"showImageEffects":true,"showParticleSystems":true,"showVisualEffectGraphs":true,"m_FxEnabled":true},"in2DMode":false,"pivot":{"x":0.1845892369747162,"y":-0.8724802136421204,"z":-1.7810529470443726},"rotation":{"x":0.007611304055899382,"y":0.9337682723999023,"z":-0.3572516441345215,"w":0.01989351026713848},"size":7.26577615737915,"orthographic":false}